,server_round,acc_centralized,acc_distributed,losses_centralized,losses_distributed
0,1,0.1,0.0906515580736544,2.7212488423487184,2.499089154575769
1,2,0.1,0.1016949152542373,2.722887631434544,2.7597348636153054
2,3,0.1,0.11282051282051282,2.5667569029862713,2.536328686811985
3,4,0.1,0.0830945558739255,2.5851510193697207,2.4653635913116543
4,5,0.1066,0.14168937329700274,2.3933236386365953,2.321992989781767
5,6,0.1,0.09319899244332494,2.3524877356875473,2.3990500988227597
6,7,0.1,0.05649717514124294,2.4286461332041744,2.3955630656689575
7,8,0.1,0.05434782608695652,2.4393196591905726,2.5354800502891126
8,9,0.1,0.12044817927170869,2.4422041640919483,2.492747601340799
9,10,0.1,0.23095238095238096,2.475842917800709,2.4305062424568904
10,11,0.1,0.04664723032069971,2.4250127950291724,2.56208056889192
11,12,0.1,0.07255520504731862,2.381786177872093,2.3973240213063236
12,13,0.1,0.07093821510297482,2.3720145681101803,2.4197023782359106
13,14,0.1,0.16614420062695925,2.3936697662256328,2.4049973416851604
14,15,0.1,0.1021671826625387,2.4265589941838743,2.429262227687304
15,16,0.1,0.1484848484848485,2.4149100643813988,2.2256067933458272
16,17,0.1,0.035,2.386223830994527,2.4790734791755678
17,18,0.1,0.1286549707602339,2.393796850921242,2.527230444010238
18,19,0.1,0.05,2.409173723998343,2.5174936175346376
19,20,0.1,0.04774535809018567,2.444298394926035,2.502296392101824
20,21,0.1,0.08682634730538923,2.534666072031495,2.5653989286479835
21,22,0.1,0.09627329192546584,2.5130530375583917,2.5231148111894264
22,23,0.1,0.10084033613445378,2.427444231737951,2.4132514600994206
23,24,0.1,0.13595166163141995,2.369429749288377,2.363235325971759
24,25,0.1,0.1618798955613577,2.384146271237902,2.357469480902968
25,26,0.1,0.0627062706270627,2.371853816281458,2.439758480185329
26,27,0.1,0.12598425196850394,2.353244085980069,2.36288607777573
27,28,0.1,0.12857142857142856,2.3766770924732183,2.375403377669198
28,29,0.1,0.14698162729658792,2.42036490683343,2.3607902558143996
29,30,0.1,0.04819277108433735,2.421167662189265,2.455633766679879
30,31,0.1,0.0812807881773399,2.352938264798207,2.34405179152935
31,32,0.1,0.09375,2.3150077352098597,2.308026158674197
32,33,0.1,0.1261904761904762,2.32086692190474,2.308158009960538
33,34,0.1,0.09366391184573003,2.355538555011628,2.3585090085494618
34,35,0.1,0.07246376811594203,2.37030183889304,2.43246789669645
35,36,0.1,0.1390532544378698,2.3526145409626564,2.3377872388038408
36,37,0.1,0.06027397260273973,2.358583394129565,2.4295933814897928
37,38,0.1,0.1340782122905028,2.36293883536272,2.30607575744224
38,39,0.1,0.14356435643564355,2.3659214715289463,2.38288027284169
39,40,0.1,0.01764705882352941,2.355194049276364,2.455427183123196
40,41,0.1,0.13259668508287292,2.3523031814842468,2.258508960845062
41,42,0.1,0.06426735218508997,2.3403961035856016,2.3311006710278037
42,43,0.1,0.05714285714285714,2.3481297325936095,2.379808181429666
43,44,0.1,0.09063444108761329,2.343709579698599,2.369470994638172
44,45,0.1,0.11898016997167139,2.3397715911743746,2.3544036382993965
45,46,0.1,0.23283582089552238,2.3374716461084453,2.2483245024040563
46,47,0.1,0.13623188405797101,2.3351299291963032,2.3292064728944197
47,48,0.1,0.0997229916897507,2.336725400511626,2.326334732721387
48,49,0.1,0.0903954802259887,2.3320270465437773,2.388916639284899
49,50,0.1,0.08831908831908832,2.3273151740906344,2.3395851161065604
50,51,0.1,0.09693877551020408,2.32370564284598,2.3160985118272355
51,52,0.1,0.09036144578313253,2.3341187474074636,2.346248428505587
52,53,0.1,0.11688311688311688,2.3523453344964675,2.275701953838398
53,54,0.1,0.16863905325443787,2.3681403102388807,2.204687906440193
54,55,0.1,0.08403361344537816,2.36965471620013,2.386799738186748
55,56,0.1,0.03504043126684636,2.361971902239854,2.3862775242874887
56,57,0.1,0.1509433962264151,2.3514530142401435,2.234841926292803
57,58,0.1,0.07425742574257425,2.3415109397499423,2.3150450610878446
58,59,0.1,0.07580174927113703,2.3304234036974085,2.3073501162904346
59,60,0.1,0.04892966360856269,2.3199942248642067,2.357688456135788
60,61,0.1,0.16927899686520376,2.3172858551049687,2.3389432138783803
61,62,0.1,0.0582010582010582,2.3159396678778776,2.3630679593515143
62,63,0.1,0.10891089108910891,2.318403365505729,2.3498141452817634
63,64,0.1,0.08042895442359249,2.3195911972386063,2.278019937689119
64,65,0.1,0.026490066225165563,2.324737627794788,2.358298458010945
65,66,0.1,0.011142061281337047,2.3237298476468227,2.2897668475892217
66,67,0.1,0.08504398826979472,2.32100398221593,2.333311948608443
67,68,0.1,0.15,2.3147213352713614,2.2921173486444686
68,69,0.1,0.04878048780487805,2.3118150112735236,2.312869625847514
69,70,0.1,0.19195046439628483,2.3104880539474975,2.2763395051099935
70,71,0.1,0.06504065040650407,2.31451045935321,2.3262889436913055
71,72,0.1,0.15588235294117647,2.323001814495986,2.333775148672216
72,73,0.1,0.052307692307692305,2.3354360404287933,2.371077830974872
73,74,0.1,0.1348973607038123,2.3445567826556553,2.3246822063524353
74,75,0.1,0.06770833333333333,2.3412300644406847,2.3209122953315577
75,76,0.1,0.045454545454545456,2.3345191205383107,2.367478497326374
76,77,0.1,0.11176470588235295,2.322933054274055,2.275113459895639
77,78,0.1,0.163727959697733,2.3188854190194683,2.3679631663209544
78,79,0.1,0.2621082621082621,2.318161012260777,2.2668009293385043
79,80,0.1,0.08588957055214724,2.313219287592894,2.3514365301541758
80,81,0.1,0.048701298701298704,2.3077685832977295,2.3187108550752913
81,82,0.1,0.1760797342192691,2.3086145121580475,2.2873424968846217
82,83,0.1,0.13829787234042554,2.32275507860123,2.3121980308218206
83,84,0.1,0.06818181818181818,2.3379054282121596,2.3764273864882335
84,85,0.1,0.06534090909090909,2.352670510103748,2.3691125349564985
85,86,0.1,0.11204481792717087,2.3516539054311765,2.3620607605835304
86,87,0.1,0.1448087431693989,2.337857445334173,2.2934371428411513
87,88,0.1,0.18072289156626506,2.329130702717289,2.2874680053756897
88,89,0.1,0.12979351032448377,2.3204475071779482,2.302811693652893
89,90,0.1,0.15488215488215487,2.3148552536205123,2.279410798943003
90,91,0.1,0.07514450867052024,2.312379197709879,2.3182337532153707
91,92,0.1,0.049479166666666664,2.3116248580300884,2.30214216435949
92,93,0.1,0.07122507122507123,2.3106304217296043,2.306268382276225
93,94,0.1,0.05,2.312418002231865,2.3348416566848753
94,95,0.1,0.0925,2.313562179067332,2.2988416719436646
95,96,0.1,0.09206349206349207,2.316440140365795,2.3154549977136036
96,97,0.1,0.05,2.321018311628111,2.3536968595103214
97,98,0.1,0.12084592145015106,2.3234497042977886,2.3210156460903204
98,99,0.1,0.06933333333333333,2.325800787871051,2.2919453347524006
99,100,0.1,0.10764872521246459,2.3255345927681894,2.3156363653393712
100,101,0.1,0.028277634961439587,2.325136886280813,2.4046880052757755
101,102,0.1,0.0412621359223301,2.3246223607640357,2.331852701682489
102,103,0.1,0.15451895043731778,2.324791229454575,2.334125519493926
103,104,0.1,0.03316326530612245,2.325419740312418,2.3731331508986804
104,105,0.1,0.10632911392405063,2.328949214546544,2.3647863122481336
105,106,0.1,0.06129032258064516,2.333628464656271,2.3192664846297233
106,107,0.1,0.2020460358056266,2.3355397844010857,2.2933563082419393
107,108,0.1,0.06933333333333333,2.336162167749587,2.3311923739115397
108,109,0.1,0.11398963730569948,2.343174890348106,2.3216480572606617
109,110,0.1,0.08090614886731391,2.3488093075478913,2.3113775268727523
110,111,0.1,0.09036144578313253,2.359300408393714,2.2667186288948518
111,112,0.1,0.0891891891891892,2.356578009903051,2.458554865862872
112,113,0.1,0.109375,2.349220019237251,2.32514209796985
113,114,0.1,0.11633663366336634,2.3458287761469556,2.415799895135483
114,115,0.1,0.06970509383378017,2.343797340514554,2.4101999445191655
115,116,0.1,0.15737704918032788,2.339205307565677,2.2737423998410584
116,117,0.1,0.12146892655367232,2.33338826325289,2.3032584816722546
117,118,0.1,0.05449591280653951,2.328954727027067,2.3168249487552073
118,119,0.1,0.17032967032967034,2.3255086233661433,2.299531700846913
119,120,0.1,0.020151133501259445,2.321506958858223,2.385485619081358
120,121,0.1,0.09046454767726161,2.3200577186171416,2.3358914933752604
121,122,0.1,0.057356608478802994,2.3204436256627368,2.388215160132049
122,123,0.1,0.11911357340720222,2.319702236515701,2.316251440391646
123,124,0.1,0.08270676691729323,2.318619611156974,2.357602722363962
124,125,0.1,0.10485933503836317,2.318501457287248,2.3655857808144805
125,126,0.1,0.15113350125944586,2.3206789098727474,2.313175526313878
126,127,0.1,0.12680115273775217,2.32295289161099,2.2411503462008167
127,128,0.1,0.043478260869565216,2.324771717095831,2.321440325612607
128,129,0.1,0.23204419889502761,2.3245118742535826,2.305792260565152
129,130,0.1,0.13850415512465375,2.3262853182045515,2.2851739075045177
130,131,0.1,0.14826498422712933,2.324715064589385,2.303280055710946
131,132,0.1,0.06993006993006994,2.3220339687007248,2.342728336374243
132,133,0.1,0.24456521739130435,2.3181474649222795,2.306405618786812
133,134,0.1,0.1661721068249258,2.314702305824134,2.2840550356165945
134,135,0.1,0.06583072100313479,2.3137351464314064,2.3240774955869097
135,136,0.1,0.06857142857142857,2.3119404984127945,2.2859366771153042
136,137,0.1,0.07631578947368421,2.3107996700675626,2.3572709215314767
137,138,0.1,0.14195583596214512,2.310234762301111,2.30352406170842
138,139,0.1,0.09066666666666667,2.3111471340155147,2.286895050684611
139,140,0.1,0.05698005698005698,2.313701629638672,2.2884858272693775
140,141,0.1,0.11278195488721804,2.3153264309949937,2.3234223441073767
141,142,0.1,0.06933333333333333,2.315023651548252,2.307320301055908
142,143,0.1,0.16624040920716113,2.3132087986940033,2.296074873346197
143,144,0.1,0.12037037037037036,2.3110393505946845,2.3161141445607316
144,145,0.1,0.06666666666666667,2.3079999465091974,2.330075428220961
145,146,0.1,0.1329923273657289,2.306136445634684,2.31190946522881
146,147,0.1,0.07377049180327869,2.3045121074482133,2.3243105887063864
147,148,0.1,0.05974025974025974,2.3048866098853433,2.3196972345376943
148,149,0.1,0.08806818181818182,2.3073461298729963,2.3167172467166726
149,150,0.1,0.07611548556430446,2.3100614426242316,2.3329470583147263
150,151,0.1,0.09585492227979274,2.3119911524900205,2.3168241712095825
151,152,0.1,0.11053984575835475,2.3131661536587274,2.3303866760283327
152,153,0.1,0.07098765432098765,2.3129054406645952,2.3113271689709323
153,154,0.1,0.16993464052287582,2.312305667597777,2.264002677661921
154,155,0.1,0.13353115727002968,2.31262118041895,2.329223262096371
155,156,0.1,0.09615384615384616,2.3128194930447137,2.308690391399048
156,157,0.1,0.18944099378881987,2.3128644083715546,2.250722404592526
157,158,0.1,0.09067357512953368,2.313873722295093,2.3269453839316885
158,159,0.1,0.03418803418803419,2.314823414869369,2.289634453265416
159,160,0.1,0.0708215297450425,2.3156963670329684,2.3221478516251777
160,161,0.1,0.066006600660066,2.3163460971443515,2.312622412596599
161,162,0.1,0.06284153005464481,2.3165748605302943,2.33912318326085
162,163,0.1,0.07909604519774012,2.3175205015073157,2.3155117472686335
163,164,0.1,0.06382978723404255,2.31789414138551,2.366009362200473
164,165,0.1,0.09803921568627451,2.3168797234820713,2.3021914451396097
165,166,0.1,0.10597826086956522,2.318615952874445,2.3587207671092902
166,167,0.1,0.18435754189944134,2.317514780980007,2.301248891393566
167,168,0.1,0.10555555555555556,2.3178514644598507,2.2870324850082397
168,169,0.1,0.09444444444444444,2.3166516814262246,2.3348563220765857
169,170,0.1,0.04899135446685879,2.3148214604444566,2.3483319495528163
170,171,0.1,0.10182767624020887,2.3130597126711705,2.315394882122468
171,172,0.1,0.037463976945244955,2.313533836109623,2.3346517972369014
172,173,0.1,0.15489130434782608,2.314380960100016,2.3334379636723064
173,174,0.1,0.12894736842105264,2.313449314445447,2.3267802853333324
174,175,0.1,0.06944444444444445,2.3136765227955616,2.349884037839042
175,176,0.1,0.051075268817204304,2.3150342406740614,2.35347653460759
176,177,0.1,0.1345565749235474,2.3184694757886755,2.2886523413001942
177,178,0.1,0.14329268292682926,2.321198915979665,2.333439456253517
178,179,0.1,0.0949367088607595,2.3243431240130383,2.266247913052764
179,180,0.1,0.12874251497005987,2.3245141658054034,2.3217091167758324
180,181,0.1,0.08045977011494253,2.3233415624897953,2.3122737058277787
181,182,0.1,0.11049723756906077,2.3184148809712406,2.3267799517067758
182,183,0.1,0.0946372239747634,2.3133818222458955,2.310940334097444
183,184,0.1,0.06036745406824147,2.3117120265960693,2.3248797013690776
184,185,0.1,0.12340425531914893,2.313047305793519,2.276365420158873
185,186,0.1,0.05337078651685393,2.313340735283627,2.342238778478644
186,187,0.1,0.11142061281337047,2.3138103287690766,2.3140631598682457
187,188,0.1,0.09144542772861357,2.314595202731479,2.3249165153784737
188,189,0.1,0.05929919137466307,2.315304183656243,2.323337873037292
189,190,0.1,0.12166172106824925,2.3158693723617847,2.284681204164771
190,191,0.1,0.071875,2.3134329258256656,2.292038171738386
191,192,0.1,0.08086253369272237,2.3127043383895973,2.313061168572973
192,193,0.1,0.0431266846361186,2.3104682029432553,2.337174890497624
193,194,0.1,0.10204081632653061,2.308269200051666,2.313816543918309
194,195,0.1,0.13142857142857142,2.3075994822629697,2.302333728926522
195,196,0.1,0.11371237458193979,2.3069266771814627,2.306667402037809
196,197,0.1,0.037333333333333336,2.3066785001451042,2.3423898391723634
197,198,0.1,0.10174418604651163,2.306468672053829,2.2925562311050505
198,199,0.1,0.06948640483383686,2.3082832788965506,2.3175719475818184
199,200,0.1,0.15736040609137056,2.310078956518963,2.2884231364061383
200,201,0.1,0.12538226299694188,2.31260005531797,2.275188769769231
201,202,0.1,0.13101604278074866,2.31487100291404,2.307558953443313
202,203,0.1,0.15915915915915915,2.3159460611404126,2.3130323621961804
203,204,0.1,0.10601719197707736,2.316920925857155,2.3589722133297633
204,205,0.1,0.12149532710280374,2.3182830491643043,2.273726573242948
205,206,0.1,0.09584664536741214,2.32120554158642,2.314206811185843
206,207,0.1,0.07948717948717948,2.3245163480187676,2.381946782576732
207,208,0.1316,0.16452442159383032,2.3271644419165933,2.311269880260477
208,209,0.1,0.12244897959183673,2.3272392036049228,2.334865976005532
209,210,0.1,0.05238095238095238,2.3281145323613646,2.3822324707394555
210,211,0.1262,0.15303430079155672,2.324803300723908,2.306714193802081
211,212,0.1153,0.08847184986595175,2.3218201588673195,2.3169107443525707
212,213,0.1,0.1291390728476821,2.316567969170346,2.29079746884226
213,214,0.1,0.031446540880503145,2.314210430072371,2.330484310785929
214,215,0.1,0.09366391184573003,2.3114821531210734,2.31455418886232
215,216,0.1111,0.14551083591331268,2.307354820761711,2.3206300956915036
216,217,0.134,0.12295081967213115,2.303367664859553,2.305685154727248
217,218,0.1345,0.0743801652892562,2.303125627481254,2.3092511718266593
218,219,0.1497,0.1105121293800539,2.3047420629270516,2.314138105937413
219,220,0.1499,0.1359773371104816,2.3110406672119335,2.2888789933396465
220,221,0.1446,0.08355795148247978,2.3137834421388663,2.3403270328141286
221,222,0.1,0.14925373134328357,2.31349717128049,2.263153612079905
222,223,0.1,0.0702247191011236,2.3162865805777773,2.336457157402896
223,224,0.1,0.11139240506329114,2.3118585052004286,2.332414662083493
224,225,0.1,0.16034985422740525,2.3026442208867164,2.26957613247129
225,226,0.1,0.08011049723756906,2.287614268102464,2.315408881197977
226,227,0.1579,0.08882521489971347,2.2686882687222427,2.2870897693415424
227,228,0.1626,0.15160349854227406,2.2413437609459943,2.221154159429122
228,229,0.1622,0.12429378531073447,2.2278009964402314,2.255805813996805
229,230,0.1629,0.23848238482384823,2.2088280179697994,2.143163023602349
230,231,0.1657,0.1569767441860465,2.179759889651256,2.2038254114084466
231,232,0.1676,0.1260053619302949,2.163679748583751,2.182375729243813
232,233,0.1712,0.24471299093655588,2.1569585101619646,2.0808254545188745
233,234,0.1791,0.09941520467836257,2.151060982874245,2.2125922225372134
234,235,0.1516,0.14146341463414633,2.1358852781307927,2.066853863146247
235,236,0.1769,0.20132013201320131,2.1019064203189437,2.088085958273104
236,237,0.1761,0.17983651226158037,2.079354072831998,2.0832130756300216
237,238,0.1742,0.19261213720316622,2.0622217313499207,2.0375663730903164
238,239,0.183,0.21445783132530122,2.0691926540083188,2.0282660300473134
239,240,0.1722,0.11388888888888889,2.089025953772721,2.009880922238032
240,241,0.1723,0.13649025069637882,2.0711456491689013,2.177424370744434
241,242,0.1771,0.18112244897959184,2.0529589721351673,2.02693917739148
242,243,0.1747,0.2192513368983957,2.0336519031767635,2.021143405513967
243,244,0.1677,0.1989389920424403,2.0408301087701397,1.9875209720444615
244,245,0.1679,0.10574018126888217,2.015912783373693,2.119382566915898
245,246,0.1705,0.19476744186046513,2.0030793278080643,2.0389364528101543
246,247,0.1708,0.17804154302670624,2.0372486676380133,2.0188993898272867
247,248,0.1649,0.22597402597402597,2.060749538385185,2.078000661305019
248,249,0.1626,0.20670391061452514,2.027923016791131,1.8805992140450292
249,250,0.1704,0.140625,1.9896425950299403,2.022515981644392
250,251,0.1742,0.23178807947019867,2.0056456661528084,1.9766027840557476
251,252,0.1752,0.13451776649746192,1.9882370377801786,2.0028224387749805
252,253,0.2043,0.20170454545454544,1.9669943432899037,1.9955120496451855
253,254,0.1884,0.12607449856733524,2.017735803203218,1.9994934322499271
254,255,0.1863,0.19881305637982197,2.0342815749964136,2.045219913080821
255,256,0.1904,0.17391304347826086,2.0031014703641272,1.8857198679669303
256,257,0.1973,0.21037463976945245,1.954910917646566,1.923066268393217
257,258,0.2017,0.18622448979591838,1.9506881662235138,1.9525542219682617
258,259,0.2027,0.20192307692307693,1.950322094996264,1.9640235067942204
259,260,0.2062,0.25753424657534246,1.9468467470946584,1.9651318377011442
260,261,0.205,0.24278846153846154,1.9400924353083229,1.9162308221253066
261,262,0.2072,0.12084592145015106,1.9356667145042663,1.9168625659452825
262,263,0.2119,0.2265625,1.927031575494511,1.9426142148052652
263,264,0.2216,0.24770642201834864,1.9269039000675177,1.9131547212600708
264,265,0.205,0.20809248554913296,1.9493126747714487,1.9407637753238567
265,266,0.1951,0.24175824175824176,1.9592742160627037,1.9616626019661243
266,267,0.1783,0.1246376811594203,1.956112018056736,1.975321076227271
267,268,0.1863,0.12424242424242424,1.9759678643220548,2.044208094929204
268,269,0.1866,0.11299435028248588,2.0206170461739705,2.104873677768276
269,270,0.1816,0.21311475409836064,2.0293158247212695,1.8535280950733872
270,271,0.1849,0.1791530944625407,1.9808727935620933,1.8708629740177614
271,272,0.1897,0.22358722358722358,1.9332280136217737,1.8909428166523026
272,273,0.1938,0.25236593059936907,1.9149546319512045,1.8900444646739056
273,274,0.1932,0.14555256064690028,1.9128919915788491,1.965930217038589
274,275,0.1947,0.18911917098445596,1.9124257101374826,1.931928336929163
275,276,0.1951,0.14803625377643503,1.9130113967664681,1.9761185660463085
276,277,0.2026,0.2712765957446808,1.9254532194441292,1.8632955627238497
277,278,0.1976,0.1918238993710692,1.9504016106295738,1.921645072271239
278,279,0.1916,0.2292817679558011,1.9983092030142522,1.883835342707555
279,280,0.1885,0.209375,2.00883705373023,1.8669454243034125
280,281,0.1974,0.1638888888888889,1.9084389695696011,1.9433787547879748
281,282,0.2098,0.2347266881028939,1.939291786995663,1.9491130293757202
282,283,0.199,0.1983695652173913,1.9701610234132998,2.035416764733584
283,284,0.2093,0.12796208530805686,1.9301544481022344,2.080441920395711
284,285,0.2087,0.25274725274725274,1.9492309366821483,1.8526802357736525
285,286,0.1973,0.24242424242424243,1.9976302878871846,1.8989905040673536
286,287,0.1874,0.2591362126245847,2.04371550584295,1.9198027773948998
287,288,0.1773,0.20207253886010362,2.0065499612480213,1.8685562446945072
288,289,0.186,0.15085158150851583,1.9476938946231914,1.9972978595399509
289,290,0.194,0.16824644549763032,1.9136267536005396,1.9787440379084005
290,291,0.1802,0.2140845070422535,1.9012310466948588,1.8912402112719038
291,292,0.1786,0.12064343163538874,1.897427713035778,1.998345143993163
292,293,0.1843,0.17207792207792208,1.9065156666336545,1.8737067421535394
293,294,0.2016,0.296,1.9255115181017832,1.782543893814087
294,295,0.2215,0.2671009771986971,1.9171694760109967,1.8211836562482853
295,296,0.2256,0.28763440860215056,1.8860251622594846,1.8808953089098777
296,297,0.2237,0.23529411764705882,1.8791637299167123,1.9347900112136072
297,298,0.2306,0.263768115942029,1.8726384791598958,1.8734681779059812
298,299,0.2449,0.2099125364431487,1.874996626453035,1.9184685879476564
299,300,0.2447,0.2152230971128609,1.8799081342235493,1.8602499126449346
300,301,0.2478,0.2983606557377049,1.8826551133659994,1.8077287212747042
301,302,0.2375,0.26631853785900783,1.8876553880181282,1.8790129068314874
302,303,0.2343,0.21296296296296297,1.9029589534565141,1.818529432202563
303,304,0.2345,0.31901840490797545,1.8825457695942776,1.7776597698041998
304,305,0.2293,0.22955145118733508,1.8812582872475787,1.8708426983815698
305,306,0.2302,0.2740963855421687,1.8818551901799099,1.8233354001878255
306,307,0.2305,0.24012158054711247,1.865827432863272,1.9411131795778824
307,308,0.2208,0.15819209039548024,1.8658690551284012,1.8585755020211645
308,309,0.2127,0.2684085510688836,1.876082476536939,1.8009217719850517
309,310,0.2232,0.14705882352941177,1.8871725212996173,1.862299892991622
310,311,0.2321,0.1778975741239892,1.8729064365860764,1.898156009915704
311,312,0.236,0.23902439024390243,1.865007107424888,1.7949374739716693
312,313,0.242,0.2113095238095238,1.8508291107833765,1.8918447615135283
313,314,0.2472,0.27184466019417475,1.8423006747178972,1.8361625688747294
314,315,0.2392,0.2685851318944844,1.875507547597217,1.8750464521723686
315,316,0.2389,0.25301204819277107,1.8923076846796996,1.912503597822534
316,317,0.2332,0.18911174785100288,1.8691475543246907,1.8474999246078099
317,318,0.2456,0.22527472527472528,1.8838606541323815,1.9270111957749168
318,319,0.2453,0.28901734104046245,1.9026442029673583,1.8231673416374736
319,320,0.2372,0.2351421188630491,1.888932424745742,1.8023149314160802
320,321,0.2387,0.23323615160349853,1.8622134187418944,1.8567822445238298
321,322,0.2331,0.22888283378746593,1.852103459607264,1.8586598001318992
322,323,0.2296,0.2719546742209632,1.8486515860648671,1.8016115335837302
323,324,0.23,0.1994949494949495,1.8481144176167288,1.8714541332288221
324,325,0.2244,0.2614942528735632,1.8847052997844234,1.7469779489369228
325,326,0.2142,0.2200557103064067,1.9192985455701306,1.8662356649600695
326,327,0.2046,0.18112244897959184,1.915487195276151,1.8742485776239513
327,328,0.2157,0.23848238482384823,1.8634970264070352,1.7816855606994009
328,329,0.2298,0.17486338797814208,1.8436556781173512,1.9054251505377515
329,330,0.2307,0.12096774193548387,1.8487080631742052,1.9261481380590828
330,331,0.2307,0.23768115942028986,1.8402524617067568,1.8301685495653015
331,332,0.2323,0.2398843930635838,1.8664409795384498,1.7572646385672464
332,333,0.2286,0.2175141242937853,1.909476965855641,1.8427447949425648
333,334,0.2356,0.2483221476510067,1.901520871053076,1.9108409585568729
334,335,0.2523,0.18435754189944134,1.8375053003335455,1.9325691717962978
335,336,0.249,0.2206405693950178,1.8329849273535856,1.9266347163936846
336,337,0.2457,0.228486646884273,1.8413901101252077,1.8659301377191742
337,338,0.2456,0.25071225071225073,1.8412237144579553,1.8911773801868796
338,339,0.2517,0.24468085106382978,1.837081616851175,1.763485698940906
339,340,0.2511,0.27384615384615385,1.864556777249476,1.806202771113469
340,341,0.2511,0.2619047619047619,1.8734226515338679,1.7997088173315638
341,342,0.261,0.35873015873015873,1.8355056761176722,1.7156901283869668
342,343,0.2664,0.3203125,1.805732086205938,1.721798068843782
343,344,0.2378,0.23863636363636365,1.8207161244313428,1.7785531560128385
344,345,0.2331,0.2911392405063291,1.8540708304970128,1.7916861697088313
345,346,0.2518,0.22349570200573066,1.8595553439134245,1.8695645212785563
346,347,0.2465,0.3104575163398693,1.8392546237653988,1.735996107649959
347,348,0.2551,0.2740112994350282,1.825640663219865,1.724708697216659
348,349,0.2505,0.2978723404255319,1.8256713858075961,1.854222073018732
349,350,0.2606,0.32764505119453924,1.7926096270798118,1.727779704962981
350,351,0.271,0.25190839694656486,1.7845788966318605,1.8170776803984896
351,352,0.2644,0.32398753894080995,1.838401300891949,1.7196035039759128
352,353,0.2611,0.29396325459317585,1.8740121004687753,1.732159695287389
353,354,0.288,0.3333333333333333,1.7916942364091326,1.6546497757189742
354,355,0.308,0.2884012539184953,1.7319809578026935,1.7057679783214221
355,356,0.287,0.22193877551020408,1.766490260506891,1.7983905983214477
356,357,0.2977,0.29213483146067415,1.7551255097055132,1.7275344053011261
357,358,0.3023,0.34054054054054056,1.7501626060267164,1.6404435415525693
358,359,0.286,0.24383561643835616,1.7911379405647327,1.8223438223747357
359,360,0.2884,0.2975206611570248,1.762137208774591,1.6808296520847918
360,361,0.2951,0.2507204610951009,1.73450016216108,1.7393487592251913
361,362,0.31,0.2594594594594595,1.708325818086126,1.8016642083992829
362,363,0.3107,0.2991913746630728,1.719097895986715,1.765139048954226
363,364,0.3123,0.3475609756097561,1.7232159596339913,1.6646059733338472
364,365,0.3184,0.3660477453580902,1.7132574372990117,1.618917960703215
365,366,0.3211,0.32471264367816094,1.7139471579509176,1.7351605936713603
366,367,0.3182,0.3184713375796178,1.719791307570828,1.7684379049167511
367,368,0.341,0.37962962962962965,1.6845361442322944,1.674356096688612
368,369,0.3591,0.3864306784660767,1.6762567409284554,1.7608310736737771
369,370,0.3385,0.336283185840708,1.698073851834437,1.8164356029139155
370,371,0.3488,0.29411764705882354,1.6802978591554483,1.7238862048177157
371,372,0.3407,0.37058823529411766,1.6932462066601797,1.7206763772403493
372,373,0.3289,0.31958762886597936,1.7279724953280893,1.7151811067591007
373,374,0.3289,0.3333333333333333,1.7256836739315349,1.6553957141107982
374,375,0.3372,0.36,1.7164552500293513,1.6486323527495066
375,376,0.3327,0.2638888888888889,1.7080605500822614,1.7411498179038365
376,377,0.3429,0.3380281690140845,1.6774175098747204,1.61574362432453
377,378,0.3428,0.3863013698630137,1.6681559002323516,1.6178129976742888
378,379,0.3292,0.39556962025316456,1.7077954096399295,1.5068492787548258
379,380,0.3372,0.35119047619047616,1.6791208268730504,1.6871333356414522
380,381,0.341,0.3151862464183381,1.637687748404825,1.7340479286488968
381,382,0.344,0.2478134110787172,1.634667814157571,1.7690503169774314
382,383,0.3409,0.3154121863799283,1.649401723958884,1.650826519535434
383,384,0.3463,0.40762463343108507,1.6360078214839766,1.6005234054106772
384,385,0.3512,0.3507853403141361,1.6262152020338994,1.675296396485174
385,386,0.3571,0.3483483483483483,1.6311370688638869,1.7203786251423236
386,387,0.3596,0.3520408163265306,1.6206813336937291,1.705349008647763
387,388,0.3651,0.4275618374558304,1.64244734253853,1.5086464818711838
388,389,0.3329,0.4652567975830816,1.7370046559412768,1.4656081332901094
389,390,0.3054,0.33002481389578164,1.8242687040073857,1.70214878891597
390,391,0.3176,0.3444730077120823,1.760523079307216,1.6037593503844156
391,392,0.3452,0.27848101265822783,1.6367011138588001,1.7363053537622284
392,393,0.3625,0.45110410094637227,1.586038862064386,1.5595001531324175
393,394,0.3616,0.26463104325699743,1.6287634684022065,1.8367667595545452
394,395,0.3707,0.3611111111111111,1.6343852311942229,1.593538252843751
395,396,0.3597,0.4486486486486487,1.658394072465836,1.539029852602933
396,397,0.3342,0.35942028985507246,1.717760934951199,1.5932514049004818
397,398,0.306,0.3196480938416422,1.7620485033958582,1.824627368331305
398,399,0.342,0.38857142857142857,1.652476996373219,1.65211423601423
399,400,0.3808,0.36,1.5764919937036599,1.6219452069600424
400,401,0.4003,0.36303630363036304,1.5746513415294088,1.696821382730314
401,402,0.3893,0.3416666666666667,1.612336419190571,1.7234016004535886
402,403,0.393,0.43869209809264303,1.5974811900193524,1.5653437811282416
403,404,0.4155,0.352112676056338,1.5336431895092035,1.5969571691163829
404,405,0.372,0.35542168674698793,1.618755845507239,1.5907062187970402
405,406,0.3644,0.3112391930835735,1.6473018644721644,1.7887731488225096
406,407,0.4048,0.4116022099447514,1.5708240840085752,1.5463554322390267
407,408,0.4243,0.371900826446281,1.5381919335407817,1.6448066766597023
408,409,0.4093,0.4565916398713826,1.610494069992357,1.606606319019649
409,410,0.4112,0.43788819875776397,1.5794844703309854,1.5397470375025495
410,411,0.4308,0.4289405684754522,1.4991148011699604,1.543402129981561
411,412,0.4087,0.2930513595166163,1.5411928785834343,1.7670835883235643
412,413,0.3569,0.31806615776081426,1.650400306768478,1.7186230951896453
413,414,0.3665,0.3487394957983193,1.6783743140044485,1.5809807842519104
414,415,0.3729,0.3638814016172507,1.703198672859532,1.5696609335125618
415,416,0.3793,0.37950138504155123,1.6909013933436885,1.6839289183101496
416,417,0.412,0.4225352112676056,1.5582082013415683,1.556014933720441
417,418,0.4149,0.4151436031331593,1.5458309232808982,1.7630336508738464
418,419,0.441,0.4350453172205438,1.4771752486563032,1.5476492239989543
419,420,0.4283,0.44,1.4919580919727398,1.3974783670902253
420,421,0.4014,0.42105263157894735,1.60935572530054,1.6113118151218278
421,422,0.4175,0.38235294117647056,1.5961546670099733,1.6516540978044112
422,423,0.4419,0.44126074498567336,1.4818139926643128,1.41962389447286
423,424,0.3977,0.4582043343653251,1.551275358837881,1.4988582662015508
424,425,0.3914,0.4594594594594595,1.5782425935101356,1.503772148570499
425,426,0.4318,0.38271604938271603,1.5076719575626836,1.6989697247375677
426,427,0.4575,0.47151898734177217,1.420704638122753,1.4390238678153557
427,428,0.4398,0.4947916666666667,1.4941629247300943,1.3727904877935846
428,429,0.403,0.3779527559055118,1.595515251159668,1.655509990031325
429,430,0.4396,0.39184952978056425,1.4819615122618948,1.5078469802593362
430,431,0.4502,0.46786632390745503,1.4455404638484786,1.5125051942153578
431,432,0.4405,0.495114006514658,1.4731874017958428,1.395493541167691
432,433,0.4433,0.39755351681957185,1.4549640394320154,1.549762553395846
433,434,0.435,0.3389423076923077,1.4701640924830346,1.534724494872185
434,435,0.4064,0.4230769230769231,1.6182788101730832,1.5470207428539193
435,436,0.3932,0.4734042553191489,1.7020578741267989,1.4714714333097985
436,437,0.4264,0.4367469879518072,1.5636247358504374,1.473387343696801
437,438,0.4586,0.4092664092664093,1.4546084100273764,1.4586972831298946
438,439,0.4622,0.5232558139534884,1.435443129509118,1.3006781575291655
439,440,0.4678,0.4642857142857143,1.4197091737370582,1.4492150030948303
440,441,0.4844,0.44655581947743467,1.3981304935588958,1.5144300316405126
441,442,0.4679,0.467966573816156,1.442583838845514,1.4921593101575845
442,443,0.4511,0.44352617079889806,1.4853682487633577,1.4021230574810144
443,444,0.4681,0.504297994269341,1.4113294729001962,1.3795531919829143
444,445,0.4845,0.4763231197771588,1.365867849747846,1.3890724009458069
445,446,0.4738,0.468944099378882,1.3929366207426521,1.440987485906352
446,447,0.4808,0.4405797101449275,1.3600729498893591,1.403909542595131
447,448,0.4854,0.5343283582089552,1.385962302517739,1.2547223258374343
448,449,0.4885,0.4827586206896552,1.4052110637069508,1.4262291777987695
449,450,0.4911,0.4388059701492537,1.4144153898688638,1.422519454315527
450,451,0.4782,0.38436482084690554,1.4136506675914595,1.5043674076418923
451,452,0.4692,0.4481792717086835,1.4130736619803557,1.448783917921264
452,453,0.4797,0.4281842818428184,1.377955595399164,1.4990547611138363
453,454,0.5088,0.5379746835443038,1.3243620949945631,1.2364451590972612
454,455,0.5041,0.5206611570247934,1.3266988066351337,1.26445252573523
455,456,0.4794,0.5596590909090909,1.3770542220704873,1.2008110093460842
456,457,0.4916,0.4305239179954442,1.3568372202526993,1.5512862756746506
457,458,0.5087,0.5171428571428571,1.3230418650208005,1.314396983214787
458,459,0.4911,0.46397694524495675,1.371073036436822,1.393348425540869
459,460,0.4878,0.5382716049382716,1.3991693448109233,1.3381294559549402
460,461,0.516,0.5258855585831063,1.311281055781492,1.3434712217679141
461,462,0.5154,0.4765432098765432,1.3048430187686992,1.446372252629127
462,463,0.4824,0.5382262996941896,1.413982662425679,1.2821886656116637
463,464,0.5128,0.47181008902077154,1.3321339609516654,1.3820721172791206
464,465,0.5295,0.5124653739612188,1.2896505309517976,1.3197521214009653
465,466,0.5124,0.5207756232686981,1.3303657451253028,1.2634074701166549
466,467,0.4946,0.5294117647058824,1.383557282056019,1.309703028903288
467,468,0.5173,0.4867021276595745,1.335663291299419,1.3514822071537058
468,469,0.5059,0.49865951742627346,1.3649572035309616,1.3108979756007566
469,470,0.5055,0.550314465408805,1.3470900218198254,1.2340704854929223
470,471,0.5326,0.46153846153846156,1.263811244326792,1.398040791291457
471,472,0.5233,0.5462686567164179,1.2990433995131474,1.289242599971259
472,473,0.4867,0.4609571788413098,1.3889762793376947,1.371531703610264
473,474,0.4906,0.47416413373860183,1.3832930075894496,1.3819154406753356
474,475,0.5243,0.6042780748663101,1.320635835835888,1.204671676305526
475,476,0.4877,0.4782608695652174,1.4430926544651104,1.4807894357939815
476,477,0.5092,0.5263157894736842,1.3708919104497144,1.240277030296273
477,478,0.5443,0.5478260869565217,1.248468087736968,1.2566263573757117
478,479,0.5399,0.509090909090909,1.2545494270172848,1.2764020623582781
479,480,0.5113,0.5134328358208955,1.3419991777201368,1.3331948589922777
480,481,0.5236,0.4931506849315068,1.3098874016172568,1.3518667338645622
481,482,0.5485,0.5797101449275363,1.2482351596188392,1.1739047083301821
482,483,0.5439,0.61003861003861,1.2688156389127112,1.1020018265054032
483,484,0.5113,0.6044568245125348,1.3403789374479063,1.126340475421098
484,485,0.4685,0.49096385542168675,1.484990316591445,1.4357203065630901
485,486,0.4601,0.42857142857142855,1.4999870471893602,1.5178012130679666
486,487,0.4953,0.48441926345609065,1.3698355559330837,1.485198364717089
487,488,0.5274,0.5512465373961218,1.255368648820622,1.2526053289297214
488,489,0.5286,0.5447761194029851,1.2757140151254691,1.2853059448412996
489,490,0.5271,0.49415204678362573,1.284676797830375,1.3796367373382836
490,491,0.5208,0.4672131147540984,1.2761898986093558,1.3436852076340242
491,492,0.5388,0.5662337662337662,1.2487405690417928,1.2501845610606206
492,493,0.5259,0.5597826086956522,1.2751437490153466,1.2050065561805083
493,494,0.5013,0.5160256410256411,1.3051043999422887,1.298217081106626
494,495,0.5115,0.5483870967741935,1.283619219710113,1.2950277089752176
495,496,0.5377,0.6126984126984127,1.242110213276687,1.1102498478359646
496,497,0.532,0.5395095367847411,1.2640092141309363,1.1827121815499557
497,498,0.5262,0.5378590078328982,1.2809438910453943,1.2860563258900655
498,499,0.5227,0.575197889182058,1.2850974300864395,1.1672942466974887
499,500,0.5303,0.5129533678756477,1.2650643139128472,1.3590041704746108
500,501,0.5371,0.56,1.2481267429461145,1.2131904411315917
501,502,0.5593,0.4846153846153846,1.2067935045357723,1.3215703083918644
502,503,0.5656,0.5306122448979592,1.212628290911389,1.2077436074614525
503,504,0.5533,0.509641873278237,1.2462380691698403,1.3603059858001625
504,505,0.5532,0.5027027027027027,1.2575524734084014,1.3316548444129326
505,506,0.5258,0.5352941176470588,1.3075819873506096,1.2394063115119933
506,507,0.497,0.4712328767123288,1.3323613162253314,1.3437342291008936
507,508,0.5087,0.5847953216374269,1.2845433316413004,1.2228970311538518
508,509,0.5327,0.49101796407185627,1.2430909302583926,1.2579333489526532
509,510,0.5583,0.5494791666666666,1.2185777782634566,1.183276178004841
510,511,0.5676,0.6058823529411764,1.1963409492923955,1.0816194465931723
511,512,0.5651,0.5386740331491713,1.2006303049196863,1.2543383942124593
512,513,0.5679,0.5702247191011236,1.1746245933945771,1.271269078669923
513,514,0.5628,0.6021220159151194,1.1602452256876952,1.0714613607138475
514,515,0.5276,0.5191082802547771,1.2236428545538787,1.1976753909876392
515,516,0.512,0.5026041666666666,1.262481012541777,1.3926405130575101
516,517,0.5257,0.5741758241758241,1.2422424053690235,1.1531238647607656
517,518,0.525,0.4852459016393443,1.2643093641396541,1.2305209310328373
518,519,0.5535,0.5427807486631016,1.214408426148117,1.1950488474598542
519,520,0.5819,0.5398230088495575,1.1648126073703644,1.153583603798464
520,521,0.5815,0.5612535612535613,1.1641088036974525,1.1866113477283053
521,522,0.5821,0.5454545454545454,1.1511354002223653,1.2225447953896746
522,523,0.5997,0.5461165048543689,1.12368869212023,1.2953578099174408
523,524,0.5998,0.584070796460177,1.1261289233614684,1.1597179810909395
524,525,0.567,0.4883720930232558,1.213603785842847,1.3263091417246087
525,526,0.5432,0.5304347826086957,1.3194934065174904,1.2906684661257095
526,527,0.5602,0.5906432748538012,1.2806563988612716,1.1863054113778455
527,528,0.573,0.6327868852459017,1.2282355928876598,1.0716470040258814
528,529,0.6008,0.6657608695652174,1.1339316668024488,1.0079315745312234
529,530,0.6,0.6298342541436464,1.1164929813640132,1.0982785503179329
530,531,0.586,0.5179640718562875,1.1456747381550492,1.3544301665471699
531,532,0.5767,0.5922077922077922,1.182386684949231,1.1006711184204399
532,533,0.5385,0.5152284263959391,1.2741294981567723,1.377735611750995
533,534,0.5401,0.5145888594164456,1.2907847921559765,1.3154568767041679
534,535,0.5736,0.5950413223140496,1.1956631586809827,1.0995567585482742
535,536,0.5947,0.5276243093922652,1.142309464846447,1.2495429431865228
536,537,0.5836,0.5509554140127388,1.1657499162254819,1.206841949824315
537,538,0.5589,0.49175824175824173,1.1818811817533652,1.3935351645226006
538,539,0.5614,0.5412087912087912,1.1910134743733012,1.2975621397023673
539,540,0.582,0.6054794520547945,1.1631124699191682,1.2104772832295665
540,541,0.5848,0.5669014084507042,1.1719739710449413,1.1296220749196872
541,542,0.566,0.6105919003115264,1.197312164838147,1.1266394307680219
542,543,0.5758,0.5775,1.1773958023945996,1.1895609234273434
543,544,0.6036,0.6453488372093024,1.1076665372605536,1.0956830517497174
544,545,0.6145,0.5798319327731093,1.0868995618668331,1.1638913513565599
545,546,0.5928,0.5903614457831325,1.1543808647781422,1.1712568666202476
546,547,0.5691,0.5988372093023255,1.2540857400863794,1.1139553016008332
547,548,0.5616,0.6276041666666666,1.2450470829465587,1.1232554692154129
548,549,0.5712,0.5935828877005348,1.194914837172077,1.1484408392944438
549,550,0.6031,0.5442359249329759,1.1390194581572417,1.2474672246234986
550,551,0.6107,0.5616438356164384,1.0969537610460998,1.1839751963746057
551,552,0.6138,0.6274509803921569,1.076007480454293,1.0814594247427975
552,553,0.5925,0.5868263473053892,1.163212314912468,1.0605889740818275
553,554,0.5921,0.6288951841359773,1.1903636018941357,1.0763132465797511
554,555,0.6042,0.592,1.1323836666003915,1.1539513607025147
555,556,0.6066,0.6428571428571429,1.1170381243061867,0.9669422520243603
556,557,0.5855,0.56353591160221,1.1465497556006072,1.2040725472223692
557,558,0.5907,0.5865921787709497,1.1441865958225954,1.173901686288791
558,559,0.5672,0.5151515151515151,1.190907228524518,1.377868708335992
559,560,0.5405,0.5418848167539267,1.2780403297418241,1.3176357727400296
560,561,0.5602,0.5888888888888889,1.2080780241140134,1.1897646832797262
561,562,0.5939,0.5959302325581395,1.1190175668449158,1.0719314749504245
562,563,0.5753,0.615819209039548,1.1419459148577065,1.0515027191005857
563,564,0.5635,0.5959302325581395,1.1894420438511357,1.15192181253156
564,565,0.5844,0.5167597765363129,1.1701317342223636,1.3155918104688549
565,566,0.6043,0.5902061855670103,1.1209988366266725,1.1738641606163733
566,567,0.5785,0.5735294117647058,1.1855441544465959,1.1627327238812166
567,568,0.553,0.6473829201101928,1.2655378454809736,1.0548738769920076
568,569,0.5578,0.5466321243523317,1.2635533684378217,1.2404641092132411
569,570,0.6045,0.6273458445040214,1.1054047816877912,1.032969730469241
570,571,0.6306,0.5768261964735516,1.0474593020548486,1.1502231200335908
571,572,0.5904,0.5873493975903614,1.1208262500489594,1.0870422038687282
572,573,0.5609,0.5733333333333334,1.1906085132033961,1.1673482926686605
573,574,0.5678,0.4794952681388013,1.185548601256814,1.3520314210220843
574,575,0.5911,0.5314285714285715,1.1436365212604498,1.291950718675341
575,576,0.6109,0.5842391304347826,1.123804212375811,1.2068453434368838
576,577,0.6219,0.6380697050938338,1.0911429953423275,1.016966978282775
577,578,0.6092,0.6494252873563219,1.0994591656004546,1.1243625731988884
578,579,0.6028,0.6238805970149254,1.1025665749789804,1.0647152847318506
579,580,0.5937,0.5532544378698225,1.119233721001133,1.0837036092605816
580,581,0.588,0.6048387096774194,1.140329703403886,1.1359142542526286
581,582,0.6041,0.5838323353293413,1.1105117699143234,1.0932312746961674
582,583,0.6055,0.5931758530183727,1.1151822524465573,1.0931964342988383
583,584,0.6155,0.6501457725947521,1.0911930753926562,1.0495938064405592
584,585,0.6224,0.5596816976127321,1.079380527803093,1.2025799583693082
585,586,0.6368,0.6376404494382022,1.0376012666969543,1.0272401065638896
586,587,0.6348,0.6701570680628273,1.0334878985289555,0.9976859994583729
587,588,0.6091,0.6247030878859857,1.1125400726962242,1.1514712327166579
588,589,0.5835,0.5862068965517241,1.1726396118000055,1.1798967575204784
589,590,0.565,0.5769230769230769,1.219340574209857,1.2125390892500405
590,591,0.5886,0.6464968152866242,1.1322156293376995,1.0245785219654155
591,592,0.6253,0.6070381231671554,1.0425124016537028,1.0498769971981776
592,593,0.623,0.6361256544502618,1.0677991148772512,0.9967411620766705
593,594,0.615,0.6512345679012346,1.0920770304977514,0.9614284456144144
594,595,0.6228,0.6271186440677966,1.0688426779333953,1.0466325363870395
595,596,0.6348,0.6352941176470588,1.0345779733293374,1.0043436828781576
596,597,0.6446,0.6323119777158774,1.0107991334739004,0.9911429095069014
597,598,0.6193,0.5878787878787879,1.0733779198045184,1.0751783233700376
598,599,0.6045,0.5795053003533569,1.1183851881391684,1.1800652068411082
599,600,0.6201,0.7250755287009063,1.0723384390970705,0.8635725411403575
600,601,0.6281,0.5501618122977346,1.0450974786357514,1.3020159314751238
601,602,0.6266,0.6201780415430267,1.0681715277349872,1.0415632019057117
602,603,0.6313,0.6162162162162163,1.0572447389554067,1.066679003109803
603,604,0.6345,0.6153846153846154,1.0432457889720892,1.0275348583622093
604,605,0.6354,0.6609195402298851,1.0429373083600573,1.0036790223642327
605,606,0.6372,0.6657754010695187,1.0443780072935067,0.8875512305428
606,607,0.6256,0.6388888888888888,1.0739331253015312,1.0295680807328518
607,608,0.6077,0.5549872122762148,1.089505377848437,1.1627914522919813
608,609,0.631,0.6583850931677019,1.0362072617385039,0.972522186936799
609,610,0.6463,0.5825242718446602,1.0080293861164409,1.1314117406950028
610,611,0.6373,0.6342857142857142,1.0367121294045905,1.0791961600099291
611,612,0.6353,0.6472222222222223,1.0316627431826986,0.976637680000729
612,613,0.6351,0.6515580736543909,1.0252792527721186,1.0186570843961353
613,614,0.6426,0.6253869969040248,1.0340602644689523,1.068814349801917
614,615,0.6471,0.678343949044586,1.0143774933875747,0.9219333795225544
615,616,0.6319,0.5887850467289719,1.0687549854539762,1.1162948229602565
616,617,0.6238,0.6165644171779141,1.102283128887225,1.1089123725159769
617,618,0.6412,0.6514285714285715,1.0453165105194042,1.0084967732429504
618,619,0.6186,0.6520547945205479,1.0916513637372642,1.0247171065578722
619,620,0.6312,0.6578947368421053,1.0553310278115,0.9503976059587378
620,621,0.6406,0.6761363636363636,1.03309953364597,0.9588384039022706
621,622,0.6496,0.6737160120845922,1.0056588133429265,0.9031912927541128
622,623,0.6377,0.5636363636363636,1.035631129696111,1.1584143109393843
623,624,0.6569,0.6904761904761905,0.9809859155849286,0.8633110799959728
624,625,0.6759,0.6637426900584795,0.925446451089944,0.9626513787528925
625,626,0.6765,0.6414634146341464,0.9362349715202477,0.9503842821935328
626,627,0.6441,0.6785714285714286,1.029604901553719,1.009050630210411
627,628,0.6084,0.5934426229508196,1.1307988007357166,1.0816659696766588
628,629,0.6034,0.587431693989071,1.1600399097059941,1.1025049596862064
629,630,0.6343,0.6320224719101124,1.0779607280804093,1.0802103885439005
630,631,0.6689,0.6534090909090909,0.9618353281810785,0.9728106954558329
631,632,0.6513,0.6367924528301887,0.988485691653695,1.0286525562405586
632,633,0.6338,0.664576802507837,1.0528560679429655,0.967886140354001
633,634,0.6552,0.6595744680851063,0.982822898846523,0.9866704282132869
634,635,0.6545,0.6005434782608695,1.0035484520493039,1.0574460675858932
635,636,0.6438,0.5811209439528023,1.0463568575822624,1.2406332239640498
636,637,0.6422,0.66875,1.0583528614347908,1.0165724659338593
637,638,0.6674,0.6685878962536023,0.9697024970297601,0.9548144831781085
638,639,0.6696,0.6870229007633588,0.9632984654159303,0.9442180469442567
639,640,0.6518,0.6698113207547169,1.006833655819012,0.9474943784422845
640,641,0.6405,0.6208651399491094,1.018677842465176,1.1181247137278394
641,642,0.6491,0.5804020100502513,0.9894993836712686,1.1714724166009893
642,643,0.6498,0.62,1.002766094010347,1.0168871266501291
643,644,0.6643,0.6793002915451894,0.9704998625311881,0.9341750989502442
644,645,0.6568,0.6666666666666666,0.9982344227231992,0.9996248099650321
645,646,0.6596,0.6586826347305389,0.9935025739821659,0.9820376183101517
646,647,0.6763,0.6438746438746439,0.931560801852281,0.9358846495973419
647,648,0.6595,0.6386554621848739,0.9693347310564321,1.0238924458915113
648,649,0.6345,0.5882352941176471,1.0593044761639492,1.1097092683839356
649,650,0.6167,0.6352941176470588,1.118050547542086,1.042186278981321
650,651,0.637,0.6625766871165644,1.0338384370515301,0.9386680236806167
651,652,0.6615,0.6513761467889908,0.9684958484522097,0.9601387049809144
652,653,0.6553,0.6762177650429799,0.9922518361905578,0.9639644207790451
653,654,0.6677,0.6196721311475409,0.9622929798569649,1.0625753650899794
654,655,0.6738,0.6786632390745502,0.9493265888493532,0.942874516956604
655,656,0.6727,0.6312292358803987,0.9640986425861432,1.083441713719669
656,657,0.6696,0.6761363636363636,0.9789460886056256,0.8923949213190512
657,658,0.6511,0.5848375451263538,1.0077506896037205,1.162133585459919
658,659,0.649,0.6113861386138614,1.0102566526194288,1.0879406213465304
659,660,0.6653,0.6629834254143646,0.9698603001369792,0.9673251358185025
660,661,0.665,0.6640625,0.9644882572684318,0.9361379610685011
661,662,0.6624,0.6955307262569832,0.9822392877499768,0.9037013197078385
662,663,0.6829,0.6746987951807228,0.9291984567976301,0.9179418205496777
663,664,0.6551,0.6963696369636964,1.0346194289292499,0.9324368161730247
664,665,0.6279,0.5893854748603352,1.0950971993671101,1.1321887503789123
665,666,0.6606,0.5845272206303725,0.9790562171085625,1.0739710891144323
666,667,0.669,0.6464646464646465,0.9333675089915088,1.0406908481209367
667,668,0.6615,0.6564245810055865,0.9533348037938404,0.9586614831532846
668,669,0.6396,0.5768115942028985,1.0220334533673183,1.164714145142099
669,670,0.6432,0.5910543130990416,1.0443490231113068,1.0418797672366182
670,671,0.6803,0.6826347305389222,0.9656631745350589,0.9196825312997052
671,672,0.6685,0.6940509915014165,1.002890613807994,0.9690712160159103
672,673,0.6542,0.6378378378378379,1.0412652997454261,1.0138836482086697
673,674,0.6668,0.6606217616580311,0.9851366095482164,0.9501770690006296
674,675,0.6684,0.6180758017492711,0.9600476869352305,1.0274121683123507
675,676,0.6434,0.6216216216216216,1.0258825994600915,1.1332218224937851
676,677,0.6574,0.7120253164556962,0.9750544705967994,0.8638193584695647
677,678,0.6677,0.6507042253521127,0.9696359019370595,1.0097408240949604
678,679,0.6769,0.683377308707124,0.9479147928535558,0.9093778513981359
679,680,0.6678,0.6170798898071626,0.967433921850411,1.0409139000679837
680,681,0.6675,0.6558265582655827,0.9745777469531746,0.8685952836905069
681,682,0.6637,0.6299694189602446,0.9871631158385307,0.9786229035176268
682,683,0.6646,0.6538461538461539,0.9808229731905992,1.0294208944990084
683,684,0.6749,0.6442953020134228,0.9444566338684908,0.9949878150184682
684,685,0.6943,0.701530612244898,0.875221740667987,0.8822607775123752
685,686,0.6925,0.6821705426356589,0.8751991068481639,0.8433514453027907
686,687,0.6887,0.7118155619596542,0.8949426852973403,0.8173167703818176
687,688,0.693,0.6862745098039216,0.9025306018294802,0.9063824560461926
688,689,0.6861,0.6932907348242812,0.9192915505664364,0.8650691876777064
689,690,0.6625,0.6835443037974683,0.994518049962961,0.8902966578172732
690,691,0.6551,0.6295399515738499,1.011282365033581,1.0167555563675001
691,692,0.6771,0.6448598130841121,0.9576851516772228,1.0367605873728838
692,693,0.6839,0.617816091954023,0.9360839136087211,1.133833460595416
693,694,0.684,0.6657303370786517,0.9161039628800313,0.9558544602621807
694,695,0.6975,0.6648648648648648,0.8673973250540958,0.9372362335791459
695,696,0.6966,0.6955223880597015,0.8764748789702251,0.8790387190989594
696,697,0.6654,0.6050632911392405,0.9680881371164018,1.1348267464698116
697,698,0.6651,0.6459770114942529,0.954928543916933,0.9663180095025863
698,699,0.6812,0.6713881019830028,0.9081932594821711,0.8980413253179015
699,700,0.6867,0.7057142857142857,0.9135571167727184,0.8346986653123583
700,701,0.6866,0.6327160493827161,0.9311714430523527,0.9951803599610741
701,702,0.6802,0.7548209366391184,0.9335162218209285,0.7237678110271117
